submitted, ip, flag, country, description
2020-10-04 14:09:18, 45.142.120.31, ğŸ‡®ğŸ‡·, Iran, SMTP auth brute force 
2020-10-04 14:09:18, 45.142.120.32, ğŸ‡®ğŸ‡·, Iran, SMTP auth brute force
2020-10-04 14:09:18, 120.79.188.144, ğŸ‡¨ğŸ‡³, China, FTP auth brute force
2020-10-04 14:09:18, 101.89.116.39, ğŸ‡¨ğŸ‡³,China, FTP auth brute force 
2020-10-04 16:42:50, 83.97.20.31, ğŸ‡·ğŸ‡´, Romania, Port scanning
2020-10-04 20:41:24, 222.186.30.218, ğŸ‡¨ğŸ‡³, China, SSH malicious
2020-10-05 07:40:04, 139.162.247.102, ğŸ‡¬ğŸ‡§, United Kingdom, SSH malicious 
2020-10-07 06:41:54, 82.102.16.195, ğŸ‡©ğŸ‡ª, Germany, FTP auth brute force
2020-10-07 06:41:54, 103.78.242.69, ğŸ‡²ğŸ‡¾, Malaysia, slothfulmedia malware 
2020-10-07 06:41:54, 122.51.173.33, ğŸ‡¨ğŸ‡³, China, FTP auth brute force
2020-10-08 09:00:46, 198.12.66.108, ğŸ‡ºğŸ‡¸, United States, AgentTesla LimeRat 
2020-10-08 13:14:16, 31.145.137.246, ğŸ‡¹ğŸ‡·, Turkey, FTP auth brute force
2020-10-09 16:49:51, 185.57.31.12, ğŸ‡·ğŸ‡º, Russia, FTP auth brute force
2020-10-11 00:13:21, 45.142.120.60, ğŸ‡®ğŸ‡·, Iran, FTP auth brute force
2020-10-12 08:15:02, 39.100.156.159, ğŸ‡¨ğŸ‡³, China, Port scanning 
2020-10-13 06:52:07, 39.98.150.44, ğŸ‡¨ğŸ‡³, China, Port scanning 
2020-10-14 08:26:14, 45.142.120.74, ğŸ‡®ğŸ‡·, Iran, FTP auth brute force
2020-10-14 09:41:10, 185.220.101.140, ğŸ‡³ğŸ‡±, Netherlands, Tor Relay / Malicious web activity
2020-10-14 09:41:10, 185.220.101.10, ğŸ‡³ğŸ‡±, Netherlands, Tor Relay / Malicious web activity
2020-10-14 09:41:10, 185.220.101.199, ğŸ‡³ğŸ‡±, Netherlands, Tor Relay / Malicious web activity
2020-10-14 09:41:10, 185.220.101.132, ğŸ‡³ğŸ‡±, Netherlands, Tor Relay / Malicious web activity
2020-10-14 09:41:10, 185.220.101.169, ğŸ‡³ğŸ‡±, Netherlands, Tor Relay / Malicious web activity
2020-10-14 09:41:10, 185.220.101.210, ğŸ‡³ğŸ‡±, Netherlands, Tor Relay / Malicious web activity
2020-10-14 09:41:10, 185.220.101.27, ğŸ‡³ğŸ‡±, Netherlands, Tor Relay / Malicious web activity
2020-10-14 16:56:05, 185.100.87.246, ğŸ‡·ğŸ‡´, Romania, Port scanning
2020-10-14 17:13:34, 185.100.87.247, ğŸ‡·ğŸ‡´, Romania, Port scanning
2020-10-15 07:47:10, 102.89.3.64, ğŸ‡³ğŸ‡¬, Nigeria, Malicious mail authentication
2020-10-15 12:12:33, 192.186.150.194, ğŸ‡ºğŸ‡¸, United States, FTP auth brute force
2020-10-16 18:11:04, 45.142.120.51, ğŸ‡®ğŸ‡·, Iran, FTP auth brute force
2020-10-18 09:42:08, 218.161.42.248, ğŸ‡¹ğŸ‡¼, Taiwan, FTP auth brute force
2020-10-18 11:06:33, 39.100.231.144, ğŸ‡¨ğŸ‡³, China, Port scanning
2020-10-19 17:33:09, 195.97.20.147, ğŸ‡¬ğŸ‡·, Greece, Spam Malicious
2020-10-20 06:42:57, 14.38.254.68, ğŸ‡°ğŸ‡·, South Korea, FTP auth brute force
2020-10-20 06:42:57, 14.38.254.73, ğŸ‡°ğŸ‡·, South Korea, FTP auth brute force
2020-10-20 13:35:54, 172.105.13.165, ğŸ‡¨ğŸ‡¦, Canada, Port scanning
2020-10-20 14:50:57, 80.82.78.85, ğŸ‡³ğŸ‡±, Netherlands, Malware hosting site
2020-10-20 14:50:57, 185.61.137.165, ğŸ‡³ğŸ‡±, Netherlands, Malware hosting site
2020-10-20 14:50:57, 78.142.18.20, ğŸ‡³ğŸ‡±, Netherlands, Malware hosting site
2020-10-20 14:50:57, 185.172.110.199, ğŸ‡³ğŸ‡±, Netherlands, Malware hosting site
2020-10-21 05:51:55, 162.214.3.98, ğŸ‡ºğŸ‡¸, United States, FTP auth brute force
2020-10-21 05:51:55, 141.98.80.73, ğŸ‡³ğŸ‡±, Netherlands, SMTP auth brute force
2020-10-21 07:10:04, 83.97.20.183, ğŸ‡·ğŸ‡´, Romania, Port scanning
2020-10-21 07:10:04, 177.135.101.5, ğŸ‡§ğŸ‡·, Brazil, Malicious mail authentication
2020-10-21 07:10:04, 117.7.239.10, ğŸ‡»ğŸ‡³, Vietnam, Malicious mail authentication
2020-10-21 07:10:04, 212.142.226.93, ğŸ‡ªğŸ‡¸, Spain, Malicious mail authentication
2020-10-21 07:10:04, 37.204.108.240, ğŸ‡·ğŸ‡º, Russia, Malicious mail authentication
2020-10-21 07:10:04, 184.179.216.156, ğŸ‡ºğŸ‡¸, United States, Malicious mail authentication
2020-10-21 07:10:04, 31.121.154.226, ğŸ‡¬ğŸ‡§, United Kingdom, Malicious mail authentication
2020-10-21 07:10:04, 60.246.3.124, ğŸ‡²ğŸ‡´, Macao, Malicious mail authentication
2020-10-21 07:10:04, 183.88.224.150, ğŸ‡¹ğŸ‡­, Thailand, Malicious mail authentication
2020-10-21 07:10:04, 60.249.143.230, ğŸ‡¹ğŸ‡¼, Taiwan, Malicious mail authentication
2020-10-21 07:10:04, 45.14.251.175, ğŸ‡ªğŸ‡¸, Spain, Malicious mail authentication
2020-10-21 07:10:04, 113.161.49.121, ğŸ‡»ğŸ‡³, Vietnam, Malicious mail authentication
2020-10-21 07:10:04, 115.84.91.136, ğŸ‡±ğŸ‡¦, Laos, Malicious mail authentication
2020-10-21 07:10:04, 116.113.28.190, ğŸ‡¨ğŸ‡³, China, Malicious mail authentication
2020-10-21 07:10:04, 178.216.233.111, ğŸ‡·ğŸ‡º, Russia, Malicious mail authentication
2020-10-21 07:10:04, 118.163.135.18, ğŸ‡¹ğŸ‡¼, Taiwan, Malicious mail authentication
2020-10-21 07:10:04, 84.84.215.2, ğŸ‡³ğŸ‡±, Netherlands, Malicious mail authentication
2020-10-21 07:10:04, 174.64.199.74, ğŸ‡ºğŸ‡¸, United States, Malicious mail authentication
2020-10-21 07:10:04, 206.214.9.104, ğŸ‡¦ğŸ‡¬, Antigua and Barbuda, Malicious mail authentication
2020-10-21 07:10:04, 72.221.232.141, ğŸ‡ºğŸ‡¸, United States, Malicious mail authentication
2020-10-21 07:10:04, 203.110.89.230, ğŸ‡®ğŸ‡³, India, Malicious mail authentication
2020-10-21 07:10:04, 128.92.1.162, ğŸ‡ºğŸ‡¸, United States, Malicious mail authentication
2020-10-21 07:10:04, 170.238.141.162, ğŸ‡§ğŸ‡·, Brazil, Malicious mail authentication
2020-10-21 07:10:04, 170.238.141.18, ğŸ‡§ğŸ‡·, Brazil, Malicious mail authentication
2020-10-21 07:10:04, 27.122.24.20, ğŸ‡µğŸ‡¬, Papua New Guinea, Malicious mail authentication
2020-10-21 07:10:04, 184.179.216.141, ğŸ‡ºğŸ‡¸, United States, Malicious mail authentication
2020-10-21 07:10:04, 102.182.156.104, ğŸ‡¿ğŸ‡¦, South Africa, Malicious mail authentication
2020-10-21 07:10:04, 210.99.116.2, ğŸ‡°ğŸ‡·, South Korea, Malicious mail authentication
2020-10-21 07:10:04, 200.205.134.107, ğŸ‡§ğŸ‡·, Brazil, Malicious mail authentication
2020-10-21 07:10:04, 195.128.38.78, ğŸ‡¹ğŸ‡·, Turkey, Malicious mail authentication
2020-10-21 07:10:04, 91.218.86.194, ğŸ‡·ğŸ‡º, Russia, Malicious mail authentication
2020-10-21 07:10:04, 60.246.1.95, ğŸ‡²ğŸ‡´, Macao, Malicious mail authentication
2020-10-21 07:10:04, 81.199.129.64, ğŸ‡¬ğŸ‡§, United Kingdom, Malicious mail authentication
2020-10-21 07:10:04, 118.163.135.17, ğŸ‡¹ğŸ‡¼, Taiwan, Malicious mail authentication
2020-10-21 07:10:04, 59.13.91.231, ğŸ‡°ğŸ‡·, South Korea, Malicious mail authentication
2020-10-21 07:10:04, 62.48.247.238, ğŸ‡µğŸ‡¹, Portugal, Malicious mail authentication
2020-10-21 07:10:04, 187.58.132.251, ğŸ‡§ğŸ‡·, Brazil, Malicious mail authentication
2020-10-21 07:10:04, 113.190.252.75, ğŸ‡»ğŸ‡³, Vietnam, Malicious mail authentication
2020-10-21 07:10:04, 186.215.198.137, ğŸ‡§ğŸ‡·, Brazil, Malicious mail authentication
2020-10-21 07:10:04, 115.84.99.60, ğŸ‡±ğŸ‡¦, Laos, Malicious mail authentication
2020-10-21 07:10:04, 132.247.18.65, ğŸ‡²ğŸ‡½, Mexico, Malicious mail authentication
2020-10-21 07:10:04, 200.175.104.103, ğŸ‡§ğŸ‡·, Brazil, Malicious mail authentication
2020-10-21 07:10:04, 196.1.238.58, ğŸ‡¸ğŸ‡©, Sudan, Malicious mail authentication
2020-10-21 07:10:04, 195.209.48.97, ğŸ‡·ğŸ‡º, Russia, Malicious mail authentication
2020-10-21 07:10:04, 114.199.112.138, ğŸ‡®ğŸ‡©, Indonesia, Malicious mail authentication
2020-10-21 07:10:04, 86.94.244.220, ğŸ‡³ğŸ‡±, Netherlands, Malicious mail authentication
2020-10-21 07:10:04, 190.180.138.62, ğŸ‡§ğŸ‡·, Brazil, Malicious mail authentication
2020-10-21 07:10:04, 177.107.68.19, ğŸ‡§ğŸ‡·, Brazil, Malicious mail authentication
2020-10-21 07:10:04, 200.146.227.146, ğŸ‡§ğŸ‡·, Brazil, Malicious mail authentication
2020-10-21 07:10:04, 45.162.20.249, ğŸ‡¦ğŸ‡·, Argentina, Malicious mail authentication
2020-10-21 07:10:04, 212.156.115.58, ğŸ‡¹ğŸ‡·, Turkey, Malicious mail authentication
2020-10-21 07:10:04, 60.246.2.87, ğŸ‡²ğŸ‡´, Macao, Malicious mail authentication
2020-10-21 07:10:04, 92.124.137.220, ğŸ‡·ğŸ‡º, Russia, Malicious mail authentication
2020-10-21 07:10:04, 92.158.214.116, ğŸ‡«ğŸ‡·, France, Malicious mail authentication
2020-10-21 07:10:04, 98.161.151.169, ğŸ‡ºğŸ‡¸, United States, Malicious mail authentication
2020-10-21 07:10:04, 72.223.168.82, ğŸ‡ºğŸ‡¸, United States, Malicious mail authentication
2020-10-21 07:10:04, 45.238.121.135, ğŸ‡§ğŸ‡·, Brazil, Malicious mail authentication
2020-10-21 07:10:04, 213.190.110.21, ğŸ‡®ğŸ‡¸, Iceland, Malicious mail authentication
2020-10-21 07:10:04, 121.128.135.74, ğŸ‡°ğŸ‡·, South Korea, Malicious mail authentication
2020-10-21 07:10:04, 46.59.121.150, ğŸ‡¸ğŸ‡ª, Sweden, Malicious mail authentication
2020-10-21 07:10:04, 186.215.143.149, ğŸ‡§ğŸ‡·, Brazil, Malicious mail authentication
2020-10-21 07:10:04, 91.126.206.51, ğŸ‡ªğŸ‡¸, Spain, Malicious mail authentication
2020-10-21 07:10:04, 201.28.135.246, ğŸ‡§ğŸ‡·, Brazil, Malicious mail authentication
2020-10-21 07:10:04, 212.87.243.60, ğŸ‡µğŸ‡±, Poland, Malicious mail authentication
2020-10-21 07:10:04, 201.140.110.78, ğŸ‡²ğŸ‡½, Mexico, Malicious mail authentication
2020-10-21 07:10:04, 185.245.87.158, ğŸ‡ºğŸ‡¸, United States, Malicious mail authentication
2020-10-21 07:10:04, 43.249.113.246, ğŸ‡¹ğŸ‡­, Thailand, Malicious mail authentication
2020-10-21 07:10:04, 60.246.2.128, ğŸ‡²ğŸ‡´, Macao, Malicious mail authentication
2020-10-21 07:10:04, 197.243.48.18, ğŸ‡·ğŸ‡¼, Rwanda, Malicious mail authentication
2020-10-21 07:10:04, 60.246.0.52, ğŸ‡²ğŸ‡´, Macao, Malicious mail authentication
2020-10-21 07:10:04, 177.19.187.79, ğŸ‡§ğŸ‡·, Brazil, Malicious mail authentication
2020-10-21 07:10:04, 184.179.216.142, ğŸ‡ºğŸ‡¸, United States, Malicious mail authentication
2020-10-21 07:10:04, 195.206.104.150, ğŸ‡ºğŸ‡¸, United States, Malicious mail authentication
2020-10-21 07:10:04, 184.178.172.10, ğŸ‡ºğŸ‡¸, United States, Malicious mail authentication
2020-10-21 07:10:04, 125.34.240.29, ğŸ‡¨ğŸ‡³, China, Malicious mail authentication
2020-10-21 07:10:04, 193.219.12.117, ğŸ‡±ğŸ‡¹, Lithuania, Malicious mail authentication
2020-10-21 07:10:04, 103.58.66.91, ğŸ‡®ğŸ‡³, India, Malicious mail authentication
2020-10-21 07:10:04, 103.94.86.44, ğŸ‡®ğŸ‡³, India, Malicious mail authentication
2020-10-21 07:10:04, 185.145.26.31, ğŸ‡³ğŸ‡±, Netherlands, Malicious mail authentication
2020-10-21 07:10:04, 118.163.135.19, ğŸ‡¹ğŸ‡¼, Taiwan, Malicious mail authentication
2020-10-21 07:10:04, 75.139.65.96, ğŸ‡ºğŸ‡¸, United States, Malicious mail authentication
2020-10-21 07:10:04, 175.158.156.76, ğŸ‡³ğŸ‡¨, New Caledonia, Malicious mail authentication
2020-10-21 07:10:04, 50.82.223.168, ğŸ‡ºğŸ‡¸, United States, Malicious mail authentication
2020-10-21 07:10:04, 106.255.253.178, ğŸ‡°ğŸ‡·, South Korea, Malicious mail authentication
2020-10-21 07:10:04, 211.20.181.113, ğŸ‡¹ğŸ‡¼, Taiwan, Malicious mail authentication
2020-10-21 07:10:04, 35.231.21.82, ğŸ‡ºğŸ‡¸, United States, Malicious mail authentication
2020-10-21 07:10:04, 37.191.198.12, ğŸ‡³ğŸ‡´, Norway, Malicious mail authentication
2020-10-21 07:10:04, 190.13.106.123, ğŸ‡¨ğŸ‡´, Colombia, Malicious mail authentication
2020-10-21 07:10:04, 125.34.240.33, ğŸ‡¨ğŸ‡³, China, Malicious mail authentication
2020-10-21 07:10:04, 218.248.116.142, ğŸ‡®ğŸ‡³, India, Malicious mail authentication
2020-10-21 07:10:04, 147.75.124.130, ğŸ‡¨ğŸ‡´, Colombia, Malicious mail authentication
2020-10-21 07:10:04, 186.215.130.159, ğŸ‡§ğŸ‡·, Brazil, Malicious mail authentication
2020-10-21 07:10:04, 81.166.194.150, ğŸ‡³ğŸ‡´, Norway, Malicious mail authentication
2020-10-21 07:10:04, 186.215.197.15, ğŸ‡§ğŸ‡·, Brazil, Malicious mail authentication
2020-10-21 07:10:04, 213.93.134.79, ğŸ‡³ğŸ‡±, Netherlands, Malicious mail authentication
2020-10-21 07:10:04, 115.73.213.31, ğŸ‡»ğŸ‡³, Vietnam, Malicious mail authentication
2020-10-21 07:10:04, 187.190.48.251, ğŸ‡²ğŸ‡½, Mexico, Malicious mail authentication
2020-10-21 07:10:04, 125.251.116.4, ğŸ‡°ğŸ‡·, South Korea, Malicious mail authentication
2020-10-21 07:10:04, 13.77.204.123, ğŸ‡ºğŸ‡¸, United States, Malicious mail authentication
2020-10-21 07:10:04, 94.74.178.240, ğŸ‡®ğŸ‡·, Iran, Malicious mail authentication
2020-10-21 07:10:04, 221.167.228.109, ğŸ‡°ğŸ‡·, South Korea, Malicious mail authentication
2020-10-21 07:10:04, 185.245.87.238, ğŸ‡ºğŸ‡¸, United States, Malicious mail authentication
2020-10-21 07:10:04, 95.65.1.93, ğŸ‡²ğŸ‡©, Republic of Moldova, Malicious mail authentication
2020-10-21 07:10:04, 123.16.53.97, ğŸ‡»ğŸ‡³, Vietnam, Malicious mail authentication
2020-10-21 07:10:04, 5.181.234.118, ğŸ‡ºğŸ‡¸, United States, Malicious mail authentication
2020-10-21 07:10:04, 77.52.250.209, ğŸ‡ºğŸ‡¦, Ukraine, Malicious mail authentication
2020-10-21 07:10:04, 186.216.71.100, ğŸ‡§ğŸ‡·, Brazil, Malicious mail authentication
2020-10-21 07:10:04, 72.223.168.76, ğŸ‡ºğŸ‡¸, United States, Malicious mail authentication
2020-10-21 07:10:04, 14.192.248.5, ğŸ‡²ğŸ‡¾, Malaysia, Malicious mail authentication
2020-10-21 07:10:04, 222.104.177.185, ğŸ‡°ğŸ‡·, South Korea, Malicious mail authentication
2020-10-21 07:10:04, 174.64.199.77, ğŸ‡ºğŸ‡¸, United States, Malicious mail authentication
2020-10-21 07:10:04, 189.114.67.195, ğŸ‡§ğŸ‡·, Brazil, Malicious mail authentication
2020-10-21 07:10:04, 121.135.52.86, ğŸ‡°ğŸ‡·, South Korea, Malicious mail authentication
2020-10-21 07:10:04, 119.160.135.166, ğŸ‡§ğŸ‡³, Brunei, Malicious mail authentication
2020-10-21 07:10:04, 43.249.114.36, ğŸ‡¹ğŸ‡­, Thailand, Malicious mail authentication
2020-10-21 07:10:04, 142.190.12.250, ğŸ‡ºğŸ‡¸, United States, Malicious mail authentication
2020-10-21 07:10:04, 67.175.140.113, ğŸ‡ºğŸ‡¸, United States, Malicious mail authentication
2020-10-21 07:10:04, 24.148.8.49, ğŸ‡ºğŸ‡¸, United States, Malicious mail authentication
2020-10-21 07:10:04, 80.71.13.138, ğŸ‡¬ğŸ‡§, United Kingdom, Malicious mail authentication